Z_Score,Isolation_Forest,GRU_Autoencoder,GRU_Anomaly_Score,Consensus_Truth
0,0,0,0.67871087238998,0
0,0,0,0.680601193298112,0
0,0,0,0.680601193298112,0
0,0,0,0.680601193298112,0
0,0,0,0.680601193298112,0
1,1,0,0.680601193298112,1
1,1,0,0.680601193298112,1
0,0,0,0.680601193298112,0
0,0,0,0.680601193298112,0
0,0,0,0.680601193298112,0
0,0,0,0.680601193298112,0
1,1,0,0.680601193298112,1
0,0,0,0.680601193298112,0
0,0,0,0.680601193298112,0
0,0,0,0.680601193298112,0
0,0,0,0.680601193298112,0
0,0,0,0.680601193298112,0
0,0,0,0.680601193298112,0
0,0,0,0.680601193298112,0
0,0,0,0.680601193298112,0
0,0,0,0.680601193298112,0
0,0,0,0.680601193298112,0
0,0,0,0.680601193298112,0
0,0,0,0.680601193298112,0
0,0,1,0.7098089158160504,0
0,0,1,0.7098089158160504,0
0,0,1,0.7098089158160504,0
0,0,1,0.7098089158160504,0
0,0,1,0.7160721449275047,0
0,0,1,0.7187363212159169,0
0,0,1,0.7187363212159169,0
0,0,1,0.7187363212159169,0
0,0,1,0.7187363212159169,0
0,0,1,0.7217050525393516,0
0,0,1,0.7217050525393516,0
0,0,1,0.7217050525393516,0
0,0,1,0.7217050525393516,0
1,1,1,0.7217050525393516,1
0,0,1,0.7217050525393516,0
0,0,1,0.7217050525393516,0
0,0,1,0.7217050525393516,0
0,0,1,0.7217050525393516,0
0,0,1,0.7217050525393516,0
0,0,1,0.7217050525393516,0
0,0,1,0.7217050525393516,0
0,1,1,0.7217050525393516,1
0,0,1,0.7217050525393516,0
0,0,1,0.7781895908739507,0
0,0,1,0.785845552528908,0
0,0,1,0.785845552528908,0
0,0,1,0.785845552528908,0
0,0,1,0.785845552528908,0
0,0,1,0.785845552528908,0
1,1,1,0.785845552528908,1
0,0,1,0.785845552528908,0
1,1,1,0.785845552528908,1
0,0,1,0.785845552528908,0
0,0,1,0.785845552528908,0
0,0,1,0.785845552528908,0
0,0,1,0.785845552528908,0
0,0,1,0.785845552528908,0
0,0,1,0.785845552528908,0
0,0,1,0.785845552528908,0
0,0,1,0.785845552528908,0
0,0,1,0.785845552528908,0
0,0,1,0.785845552528908,0
0,0,1,0.785845552528908,0
0,0,1,0.785845552528908,0
0,0,1,0.785845552528908,0
0,0,1,0.785845552528908,0
0,0,1,0.785845552528908,0
0,0,1,0.785845552528908,0
0,0,1,0.785845552528908,0
0,0,1,0.785845552528908,0
0,0,1,0.785845552528908,0
0,0,1,0.785845552528908,0
0,1,1,0.785845552528908,1
0,0,1,0.785845552528908,0
0,0,1,0.7226762388391625,0
0,0,1,0.7031229261643874,0
0,0,1,0.7218703580954362,0
0,0,1,0.7264097648524677,0
0,0,1,0.7277555601645197,0
0,0,1,0.7277555601645197,0
0,0,1,0.7277555601645197,0
0,0,1,0.7277555601645197,0
0,0,1,0.7277555601645197,0
0,0,1,0.7277555601645197,0
0,0,1,0.7277555601645197,0
0,0,1,0.7277555601645197,0
0,0,1,0.7277555601645197,0
0,1,1,0.7280238132265081,1
0,0,1,0.7280238132265081,0
0,0,1,0.7280238132265081,0
0,0,1,0.7280238132265081,0
0,0,1,0.7280238132265081,0
1,1,1,0.7280238132265081,1
0,0,1,0.7280238132265081,0
0,0,1,0.7280238132265081,0
0,0,1,0.7280238132265081,0
0,0,1,0.7280238132265081,0
1,1,1,0.7280238132265081,1
0,0,1,0.7280238132265081,0
0,0,1,0.7280238132265081,0
0,0,1,0.7280238132265081,0
0,0,1,0.7280238132265081,0
0,0,1,0.7280238132265081,0
0,0,1,0.7280238132265081,0
0,0,1,0.7280238132265081,0
1,1,1,0.7280238132265081,1
0,0,1,0.7280238132265081,0
0,0,1,0.7280238132265081,0
0,0,1,0.7280238132265081,0
0,0,1,0.7280238132265081,0
0,0,1,0.7280238132265081,0
0,0,1,0.7280238132265081,0
0,0,1,0.7280238132265081,0
0,0,1,0.7280238132265081,0
0,0,1,0.7280238132265081,0
0,0,1,0.7280238132265081,0
0,0,1,0.7280238132265081,0
0,0,0,0.6836619558897915,0
0,0,0,0.6836619558897915,0
0,0,0,0.6836619558897915,0
0,0,0,0.6836619558897915,0
0,0,0,0.6836619558897915,0
0,0,0,0.6626466273647769,0
0,0,0,0.6626466273647769,0
0,0,0,0.6626466273647769,0
0,0,0,0.6626466273647769,0
0,1,0,0.6626466273647769,1
0,0,0,0.6283397996027025,0
0,0,0,0.6283397996027025,0
0,0,0,0.6283397996027025,0
0,0,0,0.6283397996027025,0
0,0,0,0.6283397996027025,0
0,0,0,0.6283397996027025,0
0,0,0,0.6283397996027025,0
0,0,0,0.6283397996027025,0
0,0,0,0.6283397996027025,0
0,0,0,0.6283397996027025,0
0,0,0,0.6283397996027025,0
0,0,0,0.6283397996027025,0
0,0,0,0.6283397996027025,0
0,0,0,0.6283397996027025,0
0,0,0,0.6283397996027025,0
0,0,0,0.6283397996027025,0
0,0,0,0.6283397996027025,0
0,0,0,0.6283397996027025,0
0,0,0,0.6293471915155036,0
0,0,0,0.6504843858915141,0
0,0,0,0.6504843858915141,0
0,0,0,0.6504843858915141,0
0,0,0,0.6504843858915141,0
0,0,0,0.6504843858915141,0
1,1,0,0.6504843858915141,1
0,0,0,0.6504843858915141,0
0,0,0,0.6504843858915141,0
0,0,0,0.6504843858915141,0
0,0,0,0.6504843858915141,0
0,0,0,0.6526456570151634,0
0,0,0,0.6526456570151634,0
0,0,0,0.6526456570151634,0
0,0,0,0.6526456570151634,0
0,0,0,0.6526456570151634,0
0,0,0,0.6564345664602883,0
0,0,0,0.6564345664602883,0
0,0,0,0.6564345664602883,0
0,0,0,0.6564345664602883,0
0,0,0,0.6564345664602883,0
0,0,0,0.6564345664602883,0
0,0,0,0.6564345664602883,0
0,0,0,0.6564345664602883,0
0,0,0,0.6564345664602883,0
0,1,0,0.6573765438372012,1
0,0,0,0.6573765438372012,0
0,0,0,0.6573765438372012,0
0,0,0,0.6573765438372012,0
0,0,0,0.6573765438372012,0
0,0,0,0.6573765438372012,0
0,0,0,0.6573765438372012,0
0,0,0,0.6573765438372012,0
0,0,0,0.6573765438372012,0
0,0,0,0.6573765438372012,0
0,0,0,0.6573765438372012,0
0,0,0,0.6573765438372012,0
0,0,0,0.6573765438372012,0
0,0,0,0.6573765438372012,0
0,1,0,0.6573765438372012,1
0,0,0,0.6573765438372012,0
0,0,0,0.6573765438372012,0
0,0,0,0.6573765438372012,0
0,0,0,0.6573765438372012,0
0,0,0,0.6573765438372012,0
0,0,0,0.6573765438372012,0
0,0,0,0.6573765438372012,0
0,0,0,0.6573765438372012,0
0,0,0,0.6573765438372012,0
0,0,0,0.6573765438372012,0
0,0,0,0.6573765438372012,0
0,0,0,0.6573765438372012,0
0,0,0,0.6573765438372012,0
0,0,0,0.6573765438372012,0
0,0,0,0.6573765438372012,0
0,0,0,0.6319968682240716,0
0,0,0,0.6319968682240716,0
0,0,0,0.6319968682240716,0
0,0,0,0.6319968682240716,0
0,0,0,0.6264315783508045,0
0,0,0,0.6206451458139428,0
0,0,0,0.6206451458139428,0
0,0,0,0.6206451458139428,0
0,0,0,0.6206451458139428,0
0,0,0,0.6206451458139428,0
0,0,0,0.6206451458139428,0
0,0,0,0.6206451458139428,0
0,0,0,0.6206451458139428,0
0,0,0,0.6206451458139428,0
0,0,0,0.5939910215513937,0
0,0,0,0.5930831639337802,0
0,0,0,0.6017120242059656,0
0,0,0,0.6017120242059656,0
0,0,0,0.6017120242059656,0
0,0,0,0.6017120242059656,0
0,0,0,0.6017120242059656,0
0,0,0,0.6033896440743927,0
0,0,0,0.6035062432999272,0
0,0,0,0.6097746771234969,0
0,0,0,0.6097746771234969,0
0,0,0,0.6130163443565098,0
0,0,0,0.6156346368014902,0
0,0,0,0.6178870642008207,0
0,0,0,0.6280973270505585,0
0,0,0,0.6303023416978771,0
0,0,0,0.6303023416978771,0
0,0,0,0.6303023416978771,0
0,1,0,0.6368024084282246,1
0,1,0,0.6368024084282246,1
0,0,0,0.6368024084282246,0
0,0,0,0.6368024084282246,0
0,1,0,0.6368024084282246,1
0,0,0,0.6368024084282246,0
0,0,0,0.6368024084282246,0
0,0,0,0.6368024084282246,0
0,0,0,0.6368024084282246,0
0,0,0,0.6368024084282246,0
0,0,0,0.6368024084282246,0
0,0,0,0.6368024084282246,0
0,0,0,0.6368024084282246,0
0,1,0,0.6368024084282246,1
0,0,0,0.6368024084282246,0
0,0,0,0.6368024084282246,0
0,0,0,0.6368024084282246,0
0,0,0,0.6368024084282246,0
0,0,0,0.6368024084282246,0
0,0,0,0.6368024084282246,0
0,0,0,0.6368024084282246,0
0,0,0,0.6368024084282246,0
0,0,0,0.6412514908106088,0
0,0,0,0.6412514908106088,0
0,0,0,0.6412514908106088,0
0,0,0,0.6412514908106088,0
0,0,0,0.6412514908106088,0
0,0,0,0.6412514908106088,0
0,0,0,0.6571881470613363,0
0,0,0,0.6694133718961995,0
0,0,0,0.6694133718961995,0
0,0,0,0.6694133718961995,0
0,0,0,0.6694133718961995,0
0,0,0,0.6694133718961995,0
0,0,0,0.6694133718961995,0
0,0,0,0.6694133718961995,0
0,0,0,0.6694133718961995,0
0,0,0,0.6830597531279748,0
0,0,0,0.6830597531279748,0
0,0,0,0.6869020112299872,0
0,0,1,0.6989985206156284,0
0,0,1,0.6989985206156284,0
0,0,1,0.6989985206156284,0
0,1,1,0.6989985206156284,1
0,0,1,0.6989985206156284,0
1,1,1,0.6989985206156284,1
0,0,1,0.6989985206156284,0
0,0,1,0.6989985206156284,0
0,0,1,0.6989985206156284,0
0,0,1,0.6989985206156284,0
0,0,1,0.6989985206156284,0
0,1,1,0.6989985206156284,1
0,0,1,0.6989985206156284,0
0,0,1,0.6989985206156284,0
0,0,1,0.6989985206156284,0
0,0,1,0.6989985206156284,0
0,0,1,0.6989985206156284,0
0,0,1,0.6989985206156284,0
0,0,1,0.6989985206156284,0
0,0,1,0.6989985206156284,0
0,0,1,0.6989985206156284,0
0,0,1,0.6989985206156284,0
0,0,1,0.6989985206156284,0
0,0,1,0.6989985206156284,0
0,0,1,0.6989985206156284,0
1,1,1,0.6989985206156284,1
0,0,1,0.6989985206156284,0
0,0,1,0.6989985206156284,0
0,0,1,0.6989985206156284,0
0,0,1,0.6989985206156284,0
0,0,0,0.6813168000940063,0
0,0,0,0.6764259734823597,0
0,0,0,0.6764259734823597,0
0,0,0,0.6764259734823597,0
0,0,0,0.6713156866571255,0
0,0,0,0.6674630724921071,0
0,0,0,0.664782034423502,0
0,0,0,0.664782034423502,0
0,0,0,0.664782034423502,0
0,1,0,0.664782034423502,1
0,0,0,0.664782034423502,0
0,0,0,0.6128206874905813,0
0,0,0,0.6128206874905813,0
0,0,0,0.6128206874905813,0
0,0,0,0.6128206874905813,0
0,0,0,0.6044541209729102,0
0,0,0,0.6037888701757422,0
0,0,0,0.6037888701757422,0
0,0,0,0.5961689888986418,0
0,0,0,0.5902748111711394,0
0,0,0,0.5752295564029547,0
0,0,0,0.5752295564029547,0
0,0,0,0.6021988201939619,0
0,0,0,0.6263101009202707,0
0,0,0,0.6558348546658933,0
0,0,0,0.6586953074213336,0
0,0,0,0.6586953074213336,0
0,0,0,0.6586953074213336,0
0,0,0,0.6586953074213336,0
0,0,0,0.6664542107829852,0
0,0,0,0.6664542107829852,0
0,0,0,0.6756675072168168,0
0,0,0,0.6756675072168168,0
0,0,0,0.6756675072168168,0
0,0,0,0.6756675072168168,0
0,0,0,0.6756675072168168,0
0,0,0,0.6756675072168168,0
0,0,0,0.6756675072168168,0
0,0,1,0.7069081533411824,0
0,0,1,0.7069081533411824,0
0,0,1,0.7069081533411824,0
0,0,1,0.7069081533411824,0
0,0,1,0.7069081533411824,0
0,0,1,0.7069081533411824,0
0,0,1,0.7069081533411824,0
0,0,1,0.7069081533411824,0
0,0,1,0.7069081533411824,0
0,0,1,0.7069081533411824,0
0,0,1,0.7069081533411824,0
0,0,1,0.7069081533411824,0
0,0,1,0.7069081533411824,0
1,1,1,0.7069081533411824,1
0,0,1,0.7069081533411824,0
0,1,1,0.7069081533411824,1
0,0,1,0.7069081533411824,0
0,0,1,0.7069081533411824,0
0,0,1,0.7069081533411824,0
0,0,1,0.7069081533411824,0
0,0,1,0.7069081533411824,0
0,0,1,0.7069081533411824,0
0,0,1,0.7069081533411824,0
0,0,1,0.7069081533411824,0
0,0,1,0.7069081533411824,0
0,0,1,0.7069081533411824,0
0,0,1,0.7069081533411824,0
0,0,1,0.7069081533411824,0
0,0,1,0.7069081533411824,0
0,1,1,0.7069081533411824,1
0,0,1,0.7025940425032449,0
0,0,1,0.7025940425032449,0
0,0,1,0.7025940425032449,0
0,0,1,0.7025940425032449,0
0,1,1,0.7025940425032449,1
0,0,1,0.7025940425032449,0
0,0,1,0.7025940425032449,0
0,0,1,0.7025940425032449,0
0,1,0,0.6778794309906513,1
0,0,0,0.6744233158680618,0
0,0,0,0.6744233158680618,0
0,0,0,0.6744233158680618,0
0,0,0,0.6744233158680618,0
0,0,0,0.647702360680355,0
0,0,0,0.647702360680355,0
0,0,0,0.647702360680355,0
0,0,0,0.647702360680355,0
0,0,0,0.647702360680355,0
0,0,0,0.647702360680355,0
0,0,0,0.647702360680355,0
0,0,0,0.647702360680355,0
0,0,0,0.6486598820914472,0
0,0,0,0.6529740382858901,0
0,0,0,0.6529740382858901,0
0,1,0,0.6642285768566171,1
0,0,0,0.6642285768566171,0
0,0,0,0.6642285768566171,0
0,0,0,0.6642285768566171,0
0,0,0,0.6642285768566171,0
0,0,0,0.6642285768566171,0
0,0,0,0.6642285768566171,0
0,0,0,0.6642285768566171,0
0,0,0,0.6642285768566171,0
0,0,0,0.6642285768566171,0
0,0,0,0.6642285768566171,0
0,0,0,0.6642285768566171,0
0,0,0,0.6642285768566171,0
0,0,0,0.6642285768566171,0
0,0,0,0.6642285768566171,0
0,0,0,0.6642285768566171,0
0,0,0,0.6642285768566171,0
0,0,0,0.6642285768566171,0
0,0,0,0.6642285768566171,0
0,0,0,0.6642285768566171,0
0,0,0,0.6642285768566171,0
0,0,0,0.6642285768566171,0
0,0,0,0.6642285768566171,0
1,1,0,0.6642285768566171,1
0,0,0,0.6642285768566171,0
0,0,0,0.6642285768566171,0
0,0,0,0.6642285768566171,0
0,0,0,0.6642285768566171,0
0,0,0,0.6642285768566171,0
0,0,0,0.6642285768566171,0
0,0,0,0.6472793263793699,0
0,0,0,0.6472793263793699,0
0,0,0,0.6442615135841174,0
0,0,0,0.6397456025099397,0
0,0,0,0.6391025309168717,0
0,0,0,0.6391025309168717,0
0,0,0,0.639157258996427,0
0,0,0,0.641288283953858,0
0,0,0,0.6414074979518097,0
0,0,0,0.6500153204491719,0
0,0,0,0.6568134178997767,0
0,0,0,0.6568134178997767,0
0,0,0,0.6568134178997767,0
0,0,0,0.6568134178997767,0
0,0,0,0.6568134178997767,0
0,0,0,0.6568134178997767,0
0,1,0,0.6568134178997767,1
0,0,0,0.6568134178997767,0
0,0,0,0.6568134178997767,0
0,0,0,0.6568134178997767,0
0,1,0,0.6568134178997767,1
0,0,0,0.6568134178997767,0
0,0,0,0.6830510412971856,0
0,0,0,0.6830510412971856,0
0,0,0,0.686060108981914,0
0,0,0,0.6919140516731046,0
0,0,1,0.6958242602704311,0
0,0,1,0.6958242602704311,0
0,0,1,0.6958242602704311,0
0,0,1,0.6962306785335861,0
0,0,1,0.6962306785335861,0
0,0,1,0.6962306785335861,0
0,0,1,0.7016255426498595,0
0,1,1,0.7528122103797594,1
0,0,1,0.7528122103797594,0
1,1,1,0.7528122103797594,1
0,0,1,0.7528122103797594,0
0,0,1,0.7528122103797594,0
0,0,1,0.7528122103797594,0
0,0,1,0.7528122103797594,0
0,0,1,0.7528122103797594,0
0,0,1,0.7528122103797594,0
0,0,1,0.7528122103797594,0
0,0,1,0.7528122103797594,0
0,0,1,0.7528122103797594,0
0,0,1,0.7528122103797594,0
0,0,1,0.7528122103797594,0
0,0,1,0.7528122103797594,0
0,0,1,0.7528122103797594,0
0,0,1,0.7528122103797594,0
0,0,1,0.7528122103797594,0
1,1,1,0.7528122103797594,1
1,1,1,0.7528122103797594,1
0,0,1,0.7528122103797594,0
0,0,1,0.7528122103797594,0
0,0,1,0.7528122103797594,0
0,0,1,0.7528122103797594,0
0,0,1,0.7528122103797594,0
0,0,1,0.7528122103797594,0
0,0,1,0.7528122103797594,0
0,0,1,0.7528122103797594,0
0,0,1,0.7528122103797594,0
0,1,1,0.7528122103797594,1
0,0,1,0.7285483138729242,0
0,0,1,0.7264839862306499,0
0,0,0,0.6785115759628748,0
0,0,0,0.6785115759628748,0
0,0,0,0.6785115759628748,0
0,0,0,0.6785115759628748,0
0,0,0,0.6785115759628748,0
0,0,0,0.6785115759628748,0
0,0,0,0.6785115759628748,0
0,0,0,0.6785115759628748,0
0,0,0,0.6785115759628748,0
0,0,0,0.6785115759628748,0
0,0,0,0.6785115759628748,0
0,0,0,0.6785115759628748,0
0,0,0,0.6785115759628748,0
0,0,0,0.6785115759628748,0
0,0,0,0.6785115759628748,0
0,0,0,0.6719826266840516,0
0,0,0,0.6414249288838011,0
0,0,0,0.6414249288838011,0
0,0,0,0.6414249288838011,0
0,1,0,0.6606494595451945,1
0,0,0,0.6606494595451945,0
0,0,0,0.6606494595451945,0
0,0,0,0.6606494595451945,0
0,0,0,0.6606494595451945,0
0,0,0,0.6606494595451945,0
0,0,0,0.6606494595451945,0
0,0,0,0.6606494595451945,0
0,0,0,0.6606494595451945,0
0,0,0,0.6606494595451945,0
0,0,0,0.6606494595451945,0
0,0,0,0.6606494595451945,0
0,0,0,0.6606494595451945,0
0,0,0,0.6606494595451945,0
0,0,0,0.6692567305808166,0
0,0,0,0.6772206442681337,0
0,0,0,0.6772206442681337,0
0,0,0,0.6772206442681337,0
0,0,0,0.6772206442681337,0
0,0,0,0.6772206442681337,0
0,0,0,0.6772206442681337,0
0,0,0,0.6772206442681337,0
0,0,0,0.6772206442681337,0
0,0,0,0.6845994782469257,0
0,0,0,0.6845994782469257,0
0,0,0,0.6845994782469257,0
1,1,0,0.6875150512975944,1
0,0,1,0.6982047997848181,0
1,1,1,0.6982047997848181,1
0,0,1,0.6982047997848181,0
1,1,1,0.6982047997848181,1
0,0,1,0.6982047997848181,0
0,0,1,0.6982047997848181,0
0,0,1,0.6982047997848181,0
0,0,1,0.6982047997848181,0
0,0,1,0.7129584404975133,0
0,0,1,0.7182498657848939,0
0,0,1,0.7221075106677506,0
0,0,1,0.7562589658086244,0
0,0,1,0.7562589658086244,0
0,1,1,0.7609484628597815,1
0,0,1,0.7609484628597815,0
0,0,1,0.7609484628597815,0
0,0,1,0.7609484628597815,0
0,0,1,0.7609484628597815,0
0,0,1,0.7609484628597815,0
0,0,1,0.7609484628597815,0
0,0,1,0.7609484628597815,0
0,0,1,0.7609484628597815,0
0,0,1,0.7609484628597815,0
0,0,1,0.7609484628597815,0
0,0,1,0.7609484628597815,0
0,0,1,0.7609484628597815,0
0,0,1,0.7609484628597815,0
0,0,1,0.7609484628597815,0
0,1,1,0.7609484628597815,1
0,1,1,0.7609484628597815,1
0,0,1,0.7609484628597815,0
0,0,1,0.7609484628597815,0
0,0,1,0.7609484628597815,0
0,0,1,0.7609484628597815,0
0,0,1,0.7609484628597815,0
0,1,1,0.776161416479063,1
0,0,1,0.776161416479063,0
0,1,1,0.776161416479063,1
0,0,1,0.776161416479063,0
0,0,1,0.776161416479063,0
1,1,1,0.776161416479063,1
0,0,1,0.776161416479063,0
0,0,1,0.776161416479063,0
0,0,1,0.776161416479063,0
0,0,1,0.776161416479063,0
0,0,1,0.776161416479063,0
0,0,1,0.776161416479063,0
0,0,1,0.776161416479063,0
0,0,1,0.776161416479063,0
0,0,1,0.776161416479063,0
0,0,1,0.776161416479063,0
0,0,1,0.776161416479063,0
0,0,1,0.776161416479063,0
0,0,1,0.776161416479063,0
0,0,1,0.776161416479063,0
0,0,1,0.776161416479063,0
0,0,1,0.776161416479063,0
0,0,1,0.776161416479063,0
0,1,1,0.776161416479063,1
0,0,1,0.776161416479063,0
0,0,1,0.776161416479063,0
0,1,1,0.776161416479063,1
0,0,1,0.776161416479063,0
0,0,1,0.776161416479063,0
0,1,1,0.776161416479063,1
0,0,1,0.7579246807124262,0
0,0,1,0.7579246807124262,0
0,0,1,0.7548428910179911,0
0,0,1,0.7548428910179911,0
0,0,1,0.7548428910179911,0
0,0,1,0.7548428910179911,0
0,0,1,0.7548428910179911,0
0,0,1,0.7548428910179911,0
0,0,1,0.7548428910179911,0
0,0,1,0.7548428910179911,0
0,0,1,0.7548428910179911,0
0,0,1,0.7548428910179911,0
0,0,1,0.7548428910179911,0
0,0,1,0.7548428910179911,0
1,1,1,0.7548428910179911,1
0,0,1,0.7548428910179911,0
0,0,1,0.7548428910179911,0
0,0,1,0.7548428910179911,0
0,0,1,0.7548428910179911,0
0,0,1,0.7548428910179911,0
0,0,1,0.7548428910179911,0
0,0,1,0.7548428910179911,0
0,1,1,0.7548428910179911,1
0,0,1,0.7304057017457836,0
0,0,1,0.7224473092477379,0
0,0,1,0.708453186060321,0
0,0,1,0.6969275907789857,0
0,0,1,0.6969275907789857,0
0,0,0,0.6786022363802453,0
0,0,0,0.6786022363802453,0
0,0,0,0.6786022363802453,0
0,0,0,0.6786022363802453,0
0,0,0,0.6786022363802453,0
0,0,0,0.6786022363802453,0
0,0,0,0.6786022363802453,0
0,0,0,0.6786022363802453,0
0,0,0,0.6786022363802453,0
0,0,0,0.6786022363802453,0
0,0,0,0.6786022363802453,0
0,0,0,0.6786022363802453,0
0,0,0,0.6786022363802453,0
0,0,0,0.6786022363802453,0
1,1,0,0.6786022363802453,1
0,0,0,0.6786022363802453,0
0,0,0,0.6324399589829213,0
0,0,0,0.6324399589829213,0
0,0,0,0.6324399589829213,0
0,0,0,0.6324399589829213,0
0,0,0,0.6324399589829213,0
0,0,0,0.6324399589829213,0
0,0,0,0.6324399589829213,0
0,0,0,0.6324399589829213,0
0,0,0,0.611226455058717,0
0,0,0,0.611226455058717,0
0,0,0,0.6032977111671879,0
0,0,0,0.6025187483229342,0
0,0,0,0.6025187483229342,0
0,0,0,0.6025187483229342,0
0,0,0,0.6025187483229342,0
0,0,0,0.6025187483229342,0
0,0,0,0.6025187483229342,0
0,0,0,0.6025187483229342,0
0,0,0,0.6025187483229342,0
0,1,0,0.6025187483229342,1
0,0,0,0.6025187483229342,0
0,0,0,0.6025187483229342,0
0,0,0,0.6025187483229342,0
0,0,0,0.6025187483229342,0
0,0,0,0.6025187483229342,0
0,0,0,0.6025187483229342,0
0,0,0,0.6025187483229342,0
0,0,0,0.6025187483229342,0
1,1,0,0.6025187483229342,1
0,0,0,0.6025187483229342,0
0,0,0,0.6025187483229342,0
0,0,0,0.6025187483229342,0
0,0,0,0.6025187483229342,0
0,0,0,0.6025187483229342,0
0,0,0,0.6025187483229342,0
0,0,0,0.6025187483229342,0
0,0,0,0.6025187483229342,0
0,0,0,0.6152466642103374,0
0,0,0,0.6206686918787766,0
0,0,0,0.6206686918787766,0
0,0,0,0.6206686918787766,0
0,0,0,0.6206686918787766,0
0,0,0,0.6206686918787766,0
0,0,0,0.6206686918787766,0
0,0,0,0.6206686918787766,0
0,0,0,0.6206686918787766,0
0,0,0,0.6206686918787766,0
0,0,0,0.6206686918787766,0
0,0,0,0.6206686918787766,0
0,0,0,0.6206686918787766,0
0,0,0,0.6206686918787766,0
0,0,0,0.6206686918787766,0
0,1,0,0.6206686918787766,1
0,0,0,0.6206686918787766,0
0,0,0,0.6206686918787766,0
0,0,0,0.6206686918787766,0
0,0,0,0.6309919964615979,0
0,0,0,0.6309919964615979,0
0,0,0,0.6330045162095554,0
0,0,0,0.64821517651273,0
0,0,0,0.6913597681802323,0
0,0,1,0.7116779804174094,0
0,0,1,0.7239085364868209,0
0,0,1,0.7375895285475599,0
0,0,1,0.7382316558840533,0
0,0,1,0.7382316558840533,0
0,1,1,0.7382316558840533,1
0,0,1,0.7382316558840533,0
0,0,1,0.7382316558840533,0
0,0,1,0.7382316558840533,0
0,0,1,0.7382316558840533,0
0,0,1,0.7382316558840533,0
0,0,1,0.7382316558840533,0
0,0,1,0.7382316558840533,0
0,0,1,0.7382316558840533,0
0,0,1,0.7382316558840533,0
0,1,1,0.7382316558840533,1
0,0,1,0.7382316558840533,0
0,0,1,0.7382316558840533,0
0,0,1,0.7382316558840533,0
0,0,1,0.7382316558840533,0
0,0,1,0.7382316558840533,0
0,1,1,0.740853575426264,1
0,0,1,0.740853575426264,0
0,0,1,0.78627197933618,0
1,1,1,0.8584696013968286,1
0,0,1,0.8584696013968286,0
1,1,1,0.8584696013968286,1
1,1,1,0.8584696013968286,1
0,0,1,0.8584696013968286,0
0,0,1,0.8584696013968286,0
0,0,1,0.8584696013968286,0
0,0,1,0.8584696013968286,0
0,0,1,0.8584696013968286,0
0,0,1,0.8584696013968286,0
0,0,1,0.8584696013968286,0
0,0,1,0.8584696013968286,0
0,0,1,0.8584696013968286,0
0,0,1,0.8584696013968286,0
0,0,1,0.8584696013968286,0
0,0,1,0.8584696013968286,0
0,0,1,0.8584696013968286,0
0,0,1,0.8584696013968286,0
0,0,1,0.8584696013968286,0
0,0,1,0.8584696013968286,0
0,0,1,0.8584696013968286,0
0,0,1,0.8584696013968286,0
0,0,1,0.8584696013968286,0
1,1,1,0.8584696013968286,1
0,0,1,0.8584696013968286,0
0,0,1,0.8584696013968286,0
0,0,1,0.8584696013968286,0
0,0,1,0.8584696013968286,0
0,0,1,0.8584696013968286,0
0,0,1,0.8584696013968286,0
0,0,1,0.7089307937079752,0
0,0,1,0.7083506765613616,0
0,0,0,0.687837584755252,0
0,0,0,0.687837584755252,0
0,0,0,0.687837584755252,0
0,0,0,0.687837584755252,0
0,0,0,0.687837584755252,0
0,0,0,0.687837584755252,0
0,0,0,0.687837584755252,0
0,0,0,0.6910319089544109,0
0,0,1,0.6950401071605246,0
0,0,1,0.6970355867300756,0
0,0,1,0.6970355867300756,0
0,0,1,0.6970355867300756,0
0,0,1,0.6970355867300756,0
0,0,1,0.6970355867300756,0
0,0,1,0.6970355867300756,0
0,0,1,0.6970355867300756,0
0,0,1,0.6970355867300756,0
0,0,1,0.6970355867300756,0
1,1,1,0.6970355867300756,1
1,1,1,0.6970355867300756,1
0,0,1,0.6970355867300756,0
0,1,1,0.6970355867300756,1
0,0,1,0.6970355867300756,0
0,0,1,0.6970355867300756,0
0,0,1,0.6970355867300756,0
0,0,1,0.6970355867300756,0
0,0,1,0.6970355867300756,0
0,1,1,0.6970355867300756,1
0,0,1,0.6970355867300756,0
0,0,1,0.6970355867300756,0
0,0,1,0.6970355867300756,0
0,0,1,0.6970355867300756,0
0,0,1,0.6970355867300756,0
0,0,1,0.6970355867300756,0
0,0,1,0.6970355867300756,0
0,0,1,0.6970355867300756,0
1,1,1,0.6970355867300756,1
0,0,1,0.6970355867300756,0
0,0,1,0.6970355867300756,0
0,0,0,0.6880397748178894,0
0,0,0,0.6880397748178894,0
0,0,0,0.6880397748178894,0
0,0,0,0.6880397748178894,0
0,0,0,0.6880397748178894,0
0,0,0,0.6880397748178894,0
0,0,0,0.6740761914855146,0
0,0,0,0.6740761914855146,0
0,0,0,0.6740761914855146,0
0,0,0,0.6652878184749567,0
0,0,0,0.6815228267962408,0
0,0,1,0.7251831925711997,0
0,0,1,0.7412305213660302,0
0,0,1,0.7412305213660302,0
0,0,1,0.7412305213660302,0
0,0,1,0.7412305213660302,0
0,1,1,0.7412305213660302,1
0,0,1,0.7412305213660302,0
0,0,1,0.7412305213660302,0
0,0,1,0.7412305213660302,0
0,0,1,0.7412305213660302,0
0,0,1,0.7412305213660302,0
0,0,1,0.7412305213660302,0
0,0,1,0.7412305213660302,0
0,0,1,0.7412305213660302,0
0,0,1,0.7412305213660302,0
0,0,1,0.7412305213660302,0
0,1,1,0.7412305213660302,1
0,0,1,0.7412305213660302,0
0,0,1,0.7412305213660302,0
0,0,1,0.7412305213660302,0
0,0,1,0.7412305213660302,0
0,0,1,0.7412305213660302,0
0,0,1,0.7412305213660302,0
0,0,1,0.7412305213660302,0
1,1,1,0.7412305213660302,1
0,0,1,0.7412305213660302,0
0,0,1,0.7412305213660302,0
0,0,1,0.7412305213660302,0
0,1,1,0.7412305213660302,1
0,0,1,0.7412305213660302,0
0,0,1,0.7412305213660302,0
0,0,1,0.7217914269830766,0
0,0,1,0.7217914269830766,0
0,0,1,0.7217914269830766,0
0,0,1,0.7217914269830766,0
0,0,1,0.7217914269830766,0
0,0,1,0.7217914269830766,0
0,0,1,0.7217914269830766,0
0,0,1,0.7217914269830766,0
1,1,1,0.7217914269830766,1
0,0,1,0.7049722848487341,0
0,0,1,0.6968296668829514,0
0,0,0,0.6862689590722293,0
0,0,0,0.6862689590722293,0
0,0,0,0.6862689590722293,0
0,0,0,0.6862689590722293,0
0,0,0,0.6862689590722293,0
0,0,0,0.6862689590722293,0
0,0,0,0.6862689590722293,0
0,0,0,0.6634489221520554,0
0,0,0,0.6434682929844477,0
0,0,0,0.6359145743978507,0
0,0,0,0.6359145743978507,0
0,0,0,0.6359145743978507,0
0,0,0,0.6359145743978507,0
0,0,0,0.6359145743978507,0
0,0,0,0.6359145743978507,0
0,0,0,0.6359145743978507,0
0,0,0,0.6359145743978507,0
0,0,0,0.6359145743978507,0
0,0,0,0.6359145743978507,0
0,0,0,0.6359145743978507,0
0,0,0,0.6359145743978507,0
0,0,0,0.6359145743978507,0
0,0,0,0.6359145743978507,0
0,0,0,0.6359145743978507,0
0,0,0,0.6359145743978507,0
0,0,0,0.6359145743978507,0
0,0,0,0.6359145743978507,0
0,0,0,0.6359145743978507,0
0,0,0,0.6359145743978507,0
0,0,0,0.6359145743978507,0
0,0,0,0.6359145743978507,0
0,0,0,0.6359145743978507,0
0,0,0,0.6359145743978507,0
0,0,0,0.6359145743978507,0
0,0,0,0.6359145743978507,0
0,1,0,0.6359145743978507,1
0,0,0,0.6359145743978507,0
0,0,0,0.6359145743978507,0
0,0,0,0.6301706804205637,0
0,0,0,0.6295765417619045,0
0,0,0,0.6149190187920692,0
0,0,0,0.6045999556058262,0
0,0,0,0.6045999556058262,0
0,0,0,0.6045999556058262,0
0,0,0,0.6045999556058262,0
0,0,0,0.6045999556058262,0
0,0,0,0.6045999556058262,0
0,0,0,0.5974176120079764,0
0,0,0,0.5844162901337073,0
0,0,0,0.572896350641011,0
0,0,0,0.572896350641011,0
0,0,0,0.572896350641011,0
0,0,0,0.572896350641011,0
0,0,0,0.572896350641011,0
0,0,0,0.572896350641011,0
0,0,0,0.572896350641011,0
0,0,0,0.572896350641011,0
0,0,0,0.572896350641011,0
0,1,0,0.572896350641011,1
0,0,0,0.572896350641011,0
0,0,0,0.572896350641011,0
0,0,0,0.572896350641011,0
0,0,0,0.572896350641011,0
0,0,0,0.572896350641011,0
0,0,0,0.5710161850907826,0
0,0,0,0.5587907012455834,0
0,0,0,0.5587907012455834,0
0,0,0,0.5587907012455834,0
0,0,0,0.5587907012455834,0
0,0,0,0.5587907012455834,0
0,0,0,0.5587907012455834,0
0,0,0,0.5587907012455834,0
0,0,0,0.5587907012455834,0
0,0,0,0.5587907012455834,0
0,0,0,0.5587907012455834,0
0,0,0,0.5587907012455834,0
0,0,0,0.5587907012455834,0
0,0,0,0.5587907012455834,0
0,0,0,0.5587907012455834,0
0,0,0,0.5531109922711493,0
0,0,0,0.5531109922711493,0
0,0,0,0.5531109922711493,0
0,0,0,0.5531109922711493,0
0,0,0,0.5531109922711493,0
0,0,0,0.5531109922711493,0
0,0,0,0.5531109922711493,0
0,0,0,0.5438649685412323,0
0,0,0,0.5434067664044695,0
0,0,0,0.5472327253446937,0
0,0,0,0.5507905896035763,0
0,0,0,0.5507905896035763,0
0,0,0,0.5507905896035763,0
0,0,0,0.5764970078191946,0
0,0,0,0.59011456146046,0
0,0,0,0.5904097084247995,0
0,0,0,0.591837221682197,0
0,0,0,0.591837221682197,0
0,0,0,0.591837221682197,0
0,0,0,0.591837221682197,0
0,0,0,0.5975383465497426,0
0,0,0,0.6052672427746983,0
0,0,0,0.6139845366703794,0
0,0,0,0.6139845366703794,0
0,0,0,0.6139845366703794,0
0,0,0,0.6139845366703794,0
0,0,0,0.6139845366703794,0
0,0,0,0.6139845366703794,0
0,0,0,0.6139845366703794,0
0,0,0,0.6139845366703794,0
0,0,0,0.6139845366703794,0
0,0,0,0.6139845366703794,0
0,0,0,0.6139845366703794,0
0,0,0,0.6139845366703794,0
0,0,0,0.6139845366703794,0
0,0,0,0.6139845366703794,0
0,0,0,0.6139845366703794,0
0,0,0,0.6139845366703794,0
0,0,0,0.6139845366703794,0
0,0,0,0.6139845366703794,0
0,0,0,0.6139845366703794,0
0,0,0,0.6139845366703794,0
0,1,0,0.6139845366703794,1
0,0,0,0.6139845366703794,0
0,0,0,0.6139845366703794,0
0,0,0,0.6139845366703794,0
0,0,0,0.6139845366703794,0
0,0,0,0.6139845366703794,0
0,0,0,0.6139845366703794,0
0,0,0,0.6139845366703794,0
0,0,0,0.6139845366703794,0
0,0,0,0.6139845366703794,0
0,0,0,0.6094915686435869,0
0,0,0,0.6090758679415911,0
0,0,0,0.6090758679415911,0
0,0,0,0.6008466730208132,0
0,0,0,0.5985119194375791,0
0,0,0,0.5985119194375791,0
0,0,0,0.5985119194375791,0
0,0,0,0.5985119194375791,0
0,0,0,0.5985119194375791,0
0,0,0,0.5985119194375791,0
0,0,0,0.5985119194375791,0
0,0,0,0.5950334617088228,0
0,0,0,0.5950334617088228,0
0,0,0,0.5950334617088228,0
0,0,0,0.5950334617088228,0
0,0,0,0.5950334617088228,0
0,0,0,0.5950334617088228,0
0,0,0,0.5950334617088228,0
0,1,0,0.5950334617088228,1
0,0,0,0.5950268416032972,0
0,0,0,0.5910357768750933,0
0,0,0,0.5910357768750933,0
0,0,0,0.5910357768750933,0
0,0,0,0.5910357768750933,0
0,0,0,0.5910357768750933,0
0,0,0,0.5910357768750933,0
0,0,0,0.5910357768750933,0
0,0,0,0.5910357768750933,0
0,0,0,0.5910357768750933,0
0,0,0,0.5910357768750933,0
0,0,0,0.5910357768750933,0
0,0,0,0.5910357768750933,0
0,0,0,0.5910357768750933,0
0,0,0,0.5910357768750933,0
0,0,0,0.5910357768750933,0
0,0,0,0.5910357768750933,0
0,0,0,0.5910357768750933,0
0,0,0,0.5910357768750933,0
0,0,0,0.5857803621430244,0
0,0,0,0.5790680313768216,0
0,0,0,0.5753733063118598,0
0,0,0,0.5753733063118598,0
0,0,0,0.5753733063118598,0
0,0,0,0.5753733063118598,0
0,0,0,0.5753733063118598,0
0,0,0,0.5753733063118598,0
0,0,0,0.5753733063118598,0
0,0,0,0.5753733063118598,0
0,0,0,0.5685817425539117,0
0,0,0,0.5685817425539117,0
0,0,0,0.5685817425539117,0
0,0,0,0.5685817425539117,0
0,0,0,0.5685817425539117,0
0,0,0,0.5685817425539117,0
0,0,0,0.5685817425539117,0
0,0,0,0.5685817425539117,0
0,0,0,0.5644350686080997,0
0,0,0,0.5644350686080997,0
0,0,0,0.5644350686080997,0
0,0,0,0.5644350686080997,0
0,0,0,0.5644350686080997,0
0,0,0,0.5644350686080997,0
0,0,0,0.5576375717781974,0
0,0,0,0.5576375717781974,0
0,0,0,0.5576375717781974,0
0,0,0,0.5628174404016147,0
0,0,0,0.5734841578293963,0
0,0,0,0.5798411258994409,0
0,0,0,0.5817544055303953,0
0,0,0,0.5892008471358852,0
0,0,0,0.6415647162870102,0
0,0,0,0.6585906538547465,0
0,0,0,0.6612755592804959,0
0,0,0,0.6612755592804959,0
0,0,1,0.6974398572749335,0
0,0,1,0.706023299841345,0
0,0,1,0.706023299841345,0
0,0,1,0.7470182463211683,0
0,0,1,0.7499469234620654,0
0,0,1,0.7910116846665074,0
0,0,1,0.7939502528050993,0
0,0,1,0.8066763825325793,0
0,0,1,0.8155057412578812,0
0,0,1,0.8329928992741781,0
0,0,1,0.8329928992741781,0
0,0,1,0.8479754490623116,0
0,0,1,0.8479754490623116,0
0,1,1,0.8488863138914587,1
0,0,1,0.8488863138914587,0
0,0,1,0.860442170994912,0
0,0,1,0.860442170994912,0
0,0,1,0.860442170994912,0
0,0,1,0.860442170994912,0
0,0,1,0.860442170994912,0
0,0,1,0.860442170994912,0
0,0,1,0.860442170994912,0
0,0,1,0.860442170994912,0
0,0,1,0.860442170994912,0
0,0,1,0.860442170994912,0
1,1,1,0.860442170994912,1
0,0,1,0.860442170994912,0
0,0,1,0.860442170994912,0
0,0,1,0.860442170994912,0
0,1,1,0.860442170994912,1
0,0,1,0.860442170994912,0
0,0,1,0.860442170994912,0
1,1,1,0.860442170994912,1
0,0,1,0.860442170994912,0
1,1,1,0.860442170994912,1
0,0,1,0.860442170994912,0
0,0,1,0.860442170994912,0
0,0,1,0.860442170994912,0
0,0,1,0.860442170994912,0
0,0,1,0.860442170994912,0
0,0,1,0.860442170994912,0
0,0,1,0.860442170994912,0
0,0,1,0.860442170994912,0
0,0,1,0.860442170994912,0
0,1,1,0.860442170994912,1
0,0,1,0.8443621099539185,0
0,0,1,0.8399114392252813,0
0,0,1,0.8399114392252813,0
0,0,1,0.8399114392252813,0
0,0,1,0.8399114392252813,0
0,0,1,0.80139219776447,0
0,0,1,0.7880314875501039,0
0,0,1,0.7875263079969916,0
0,0,1,0.7862711807362553,0
0,0,1,0.7788954965506618,0
0,0,1,0.756193316364843,0
0,0,1,0.756193316364843,0
0,0,1,0.756193316364843,0
0,0,1,0.756193316364843,0
0,0,1,0.756193316364843,0
1,1,1,0.756193316364843,1
0,0,1,0.756193316364843,0
0,1,1,0.7318926672958439,1
0,0,1,0.7274864304553352,0
0,0,1,0.7256895450136017,0
0,0,1,0.7256895450136017,0
0,0,1,0.7256895450136017,0
0,0,1,0.7256895450136017,0
0,0,1,0.7256895450136017,0
0,0,1,0.7256895450136017,0
0,0,0,0.6826002075931029,0
0,0,0,0.6826002075931029,0
0,0,0,0.6844657251110119,0
0,0,0,0.6844657251110119,0
0,0,0,0.6844657251110119,0
0,0,0,0.6844657251110119,0
0,0,0,0.6884311061295726,0
0,0,0,0.6884311061295726,0
0,0,0,0.6884311061295726,0
0,0,1,0.6944330638605027,0
0,0,1,0.701597809633174,0
1,1,1,0.703960290804055,1
0,0,1,0.703960290804055,0
0,0,1,0.703960290804055,0
0,0,1,0.703960290804055,0
1,1,1,0.703960290804055,1
0,0,1,0.703960290804055,0
0,0,1,0.703960290804055,0
0,0,1,0.703960290804055,0
0,0,1,0.703960290804055,0
0,0,1,0.703960290804055,0
0,0,1,0.703960290804055,0
0,0,1,0.703960290804055,0
0,0,1,0.703960290804055,0
0,0,1,0.703960290804055,0
0,0,1,0.703960290804055,0
0,0,1,0.703960290804055,0
0,0,1,0.703960290804055,0
0,0,1,0.703960290804055,0
0,0,1,0.703960290804055,0
0,0,1,0.703960290804055,0
0,1,1,0.703960290804055,1
0,0,1,0.703960290804055,0
0,0,1,0.703960290804055,0
0,0,1,0.703960290804055,0
0,0,1,0.703960290804055,0
0,0,1,0.703960290804055,0
0,0,1,0.703960290804055,0
0,0,1,0.703960290804055,0
0,0,1,0.703960290804055,0
0,0,1,0.703960290804055,0
0,0,0,0.6608553397127508,0
0,0,0,0.6608553397127508,0
0,0,0,0.6608553397127508,0
0,1,0,0.6608553397127508,1
0,0,0,0.6296564484148514,0
0,0,0,0.6296564484148514,0
0,1,0,0.6296564484148514,1
0,0,0,0.6296564484148514,0
0,0,0,0.6296564484148514,0
0,0,0,0.6296564484148514,0
0,0,0,0.6296564484148514,0
0,0,0,0.6296564484148514,0
0,0,0,0.6203361576477867,0
0,0,0,0.6172879956807857,0
0,0,0,0.6167740982222099,0
0,0,0,0.6167740982222099,0
0,0,0,0.6167740982222099,0
0,0,0,0.6167740982222099,0
0,0,0,0.6167740982222099,0
0,0,0,0.613477152387415,0
0,0,0,0.617832415695667,0
0,0,0,0.6235333603546287,0
0,0,0,0.6235333603546287,0
0,0,0,0.6406331241557596,0
0,0,0,0.64651467700009,0
0,0,0,0.64651467700009,0
0,0,0,0.64651467700009,0
0,0,0,0.64651467700009,0
0,0,0,0.64651467700009,0
0,0,0,0.64651467700009,0
0,0,0,0.64651467700009,0
0,0,0,0.64651467700009,0
0,1,0,0.6498627457856077,1
0,0,0,0.6498627457856077,0
0,0,0,0.6498627457856077,0
0,0,0,0.6498627457856077,0
0,0,0,0.6498627457856077,0
0,0,0,0.6498627457856077,0
0,0,0,0.6498627457856077,0
0,0,0,0.6498627457856077,0
0,0,0,0.6498627457856077,0
0,0,0,0.6498627457856077,0
0,0,0,0.6498627457856077,0
0,1,0,0.6498627457856077,1
0,0,0,0.6498627457856077,0
0,0,0,0.6498627457856077,0
0,0,0,0.6498627457856077,0
0,0,0,0.6498627457856077,0
0,0,0,0.6498627457856077,0
0,0,0,0.6498627457856077,0
0,0,0,0.6498627457856077,0
0,0,0,0.6498627457856077,0
0,0,0,0.6498627457856077,0
0,0,0,0.6498627457856077,0
0,0,0,0.6498627457856077,0
0,0,0,0.6498627457856077,0
0,0,0,0.6498627457856077,0
0,0,0,0.6538973623402881,0
0,1,0,0.657890283948947,1
0,0,0,0.657890283948947,0
0,0,0,0.657890283948947,0
0,0,0,0.657890283948947,0
0,0,0,0.657890283948947,0
0,0,0,0.657890283948947,0
0,0,0,0.657890283948947,0
0,0,0,0.657890283948947,0
0,0,0,0.657890283948947,0
0,0,0,0.657890283948947,0
0,0,0,0.657890283948947,0
0,0,0,0.657890283948947,0
0,0,0,0.657890283948947,0
0,0,0,0.657890283948947,0
0,0,0,0.657890283948947,0
0,0,0,0.657890283948947,0
0,0,0,0.657890283948947,0
0,0,0,0.657890283948947,0
0,0,0,0.657890283948947,0
0,0,0,0.657890283948947,0
0,0,0,0.657890283948947,0
0,0,0,0.657890283948947,0
0,0,0,0.657890283948947,0
0,1,0,0.657890283948947,1
0,0,0,0.657890283948947,0
0,0,0,0.657890283948947,0
0,0,0,0.657890283948947,0
0,1,0,0.657890283948947,1
0,1,0,0.657890283948947,1
0,0,0,0.657890283948947,0
0,0,0,0.6349009487853843,0
0,0,0,0.6349009487853843,0
0,0,0,0.6349009487853843,0
0,0,0,0.6349009487853843,0
0,0,0,0.6323793139852512,0
0,0,0,0.6323793139852512,0
0,0,0,0.6323793139852512,0
0,0,0,0.6323793139852512,0
0,0,0,0.6323793139852512,0
0,0,0,0.6323793139852512,0
0,0,0,0.6323793139852512,0
0,0,0,0.6323793139852512,0
0,0,0,0.6415192375824258,0
0,0,0,0.6415192375824258,0
0,0,0,0.6415192375824258,0
0,0,0,0.6415192375824258,0
0,0,0,0.6415192375824258,0
0,0,0,0.6415192375824258,0
0,0,0,0.6415192375824258,0
0,0,1,0.7015708442921487,0
0,0,1,0.7015708442921487,0
0,0,1,0.7015708442921487,0
0,0,1,0.7039743147494535,0
0,0,1,0.7091174636731284,0
0,0,1,0.7091174636731284,0
0,0,1,0.7091174636731284,0
0,0,1,0.7091174636731284,0
0,0,1,0.7091174636731284,0
0,0,1,0.7091174636731284,0
0,0,1,0.7091174636731284,0
0,0,1,0.7091174636731284,0
0,0,1,0.7091174636731284,0
0,0,1,0.7091174636731284,0
0,0,1,0.7091174636731284,0
0,0,1,0.7379797074289582,0
0,0,1,0.7393446059490905,0
0,0,1,0.7393446059490905,0
0,0,1,0.7393446059490905,0
0,0,1,0.7393446059490905,0
0,0,1,0.7393446059490905,0
1,1,1,0.7393446059490905,1
0,0,1,0.7393446059490905,0
0,0,1,0.7393446059490905,0
0,0,1,0.7393446059490905,0
0,0,1,0.7393446059490905,0
0,0,1,0.7393446059490905,0
0,0,1,0.7393446059490905,0
0,0,1,0.7393446059490905,0
1,1,1,0.7393446059490905,1
0,0,1,0.7393446059490905,0
0,0,1,0.7393446059490905,0
0,1,1,0.7393446059490905,1
0,0,1,0.7393446059490905,0
0,0,1,0.7393446059490905,0
0,0,1,0.7393446059490905,0
0,0,1,0.7393446059490905,0
0,1,1,0.7393446059490905,1
0,0,1,0.7393446059490905,0
0,0,1,0.7393446059490905,0
0,0,1,0.7393446059490905,0
0,0,1,0.7393446059490905,0
0,0,1,0.7393446059490905,0
0,0,1,0.7393446059490905,0
0,1,1,0.7393446059490905,1
0,0,1,0.7393446059490905,0
0,0,1,0.7353270636692804,0
0,0,1,0.7216994425423172,0
0,1,1,0.7191382954294342,1
0,0,1,0.702944619130231,0
0,0,0,0.6906132794398164,0
0,0,0,0.6765193477422474,0
0,0,0,0.6765193477422474,0
0,0,0,0.6765193477422474,0
0,1,0,0.6765193477422474,1
0,0,0,0.6765193477422474,0
0,0,0,0.6765193477422474,0
0,0,0,0.6765193477422474,0
0,0,0,0.6666077386472401,0
0,0,0,0.6462543907687682,0
0,0,0,0.6649038033245197,0
0,0,0,0.6759042057940606,0
0,0,0,0.6759042057940606,0
0,0,0,0.6759042057940606,0
0,0,0,0.6759042057940606,0
0,0,0,0.6759042057940606,0
0,0,0,0.6759042057940606,0
0,0,0,0.6759042057940606,0
0,0,0,0.6759042057940606,0
0,0,0,0.6759042057940606,0
0,0,0,0.6759042057940606,0
0,0,0,0.6759042057940606,0
0,1,0,0.6759042057940606,1
0,0,0,0.6759042057940606,0
0,0,0,0.6759042057940606,0
0,0,0,0.6759042057940606,0
0,0,0,0.6759042057940606,0
0,0,0,0.6759042057940606,0
0,0,0,0.6834396857606148,0
0,0,0,0.6834396857606148,0
0,0,0,0.6834396857606148,0
0,0,0,0.6840683568521845,0
0,0,0,0.6840683568521845,0
0,0,0,0.6840683568521845,0
0,0,0,0.6840683568521845,0
0,0,0,0.6840683568521845,0
0,0,0,0.6840683568521845,0
0,0,0,0.6840683568521845,0
1,1,0,0.6840683568521845,1
0,0,0,0.6840683568521845,0
0,0,0,0.6840683568521845,0
0,0,0,0.6840683568521845,0
0,0,0,0.6840683568521845,0
0,0,0,0.6840683568521845,0
0,0,0,0.6840683568521845,0
0,1,0,0.6840683568521845,1
0,0,0,0.6840683568521845,0
0,0,0,0.6840683568521845,0
0,0,0,0.6840683568521845,0
0,0,0,0.6840683568521845,0
0,0,0,0.6840683568521845,0
0,0,0,0.6840683568521845,0
0,0,0,0.6840683568521845,0
0,0,0,0.6840683568521845,0
0,0,0,0.6840683568521845,0
0,0,0,0.6840683568521845,0
0,0,0,0.6840683568521845,0
0,0,0,0.6840683568521845,0
0,0,0,0.6840683568521845,0
0,0,0,0.6840683568521845,0
0,0,0,0.6840683568521845,0
0,0,0,0.6835499176556387,0
0,1,0,0.6835499176556387,1
0,0,0,0.6753018729370213,0
0,0,0,0.6722000442584977,0
0,0,0,0.6722000442584977,0
0,0,0,0.6688225721518606,0
0,0,0,0.666868244641788,0
0,0,0,0.623908630657448,0
0,0,0,0.6221970641027366,0
0,0,0,0.6221970641027366,0
0,0,0,0.6221970641027366,0
0,1,0,0.6221970641027366,1
0,0,0,0.6176953253983272,0
0,0,0,0.6050494207893976,0
0,0,0,0.6050494207893976,0
0,0,0,0.6050494207893976,0
0,0,0,0.6053473702431367,0
0,0,0,0.6113728896546222,0
0,0,0,0.613888167518538,0
0,0,0,0.6229359971744279,0
0,0,0,0.6280081158213634,0
0,0,0,0.6280081158213634,0
0,0,0,0.6280081158213634,0
0,0,0,0.6280081158213634,0
0,0,0,0.6280081158213634,0
0,0,0,0.6280081158213634,0
0,0,0,0.6280081158213634,0
0,0,0,0.6280081158213634,0
0,0,0,0.6280081158213634,0
0,0,0,0.6280081158213634,0
0,0,0,0.6329383713778124,0
0,0,0,0.640501100757186,0
0,0,0,0.6495642743227189,0
0,1,0,0.6791562607325197,1
0,0,0,0.6831407187522924,0
0,0,0,0.6834908026544313,0
0,0,1,0.6969224019162292,0
0,0,1,0.7019576562490509,0
1,1,1,0.7019576562490509,1
0,0,1,0.7019576562490509,0
0,0,1,0.7019576562490509,0
0,0,1,0.7019576562490509,0
0,0,1,0.7019576562490509,0
0,0,1,0.7019576562490509,0
0,0,1,0.7019576562490509,0
0,0,1,0.7019576562490509,0
0,0,1,0.7019576562490509,0
0,0,1,0.7019576562490509,0
0,0,1,0.7019576562490509,0
0,0,1,0.7019576562490509,0
0,0,1,0.7019576562490509,0
0,0,1,0.7019576562490509,0
0,0,1,0.7019576562490509,0
0,0,1,0.7019576562490509,0
0,0,1,0.7019576562490509,0
0,0,1,0.7019576562490509,0
1,1,1,0.7019576562490509,1
0,0,1,0.7019576562490509,0
0,0,1,0.7019576562490509,0
0,0,1,0.7019576562490509,0
0,0,1,0.7019576562490509,0
0,0,1,0.7019576562490509,0
1,1,1,0.7019576562490509,1
0,0,1,0.7019576562490509,0
0,0,1,0.7019576562490509,0
0,0,1,0.7019576562490509,0
0,0,1,0.7019576562490509,0
0,0,0,0.6927452665342905,0
0,0,0,0.6927452665342905,0
0,0,0,0.6873691033574992,0
0,0,0,0.6838451390902867,0
0,0,0,0.6763818426992085,0
0,0,0,0.6692119833587212,0
0,0,0,0.6692119833587212,0
0,0,0,0.6692119833587212,0
0,0,0,0.6692119833587212,0
0,0,0,0.6692119833587212,0
0,0,0,0.6785515226049383,0
0,0,0,0.6785515226049383,0
0,0,0,0.6785515226049383,0
0,0,0,0.6866068086503625,0
0,0,0,0.6866068086503625,0
0,0,1,0.6975824159563855,0
0,0,1,0.6975824159563855,0
0,0,1,0.6975824159563855,0
0,0,1,0.6975824159563855,0
0,0,1,0.6975824159563855,0
0,0,1,0.6975824159563855,0
0,0,1,0.6975824159563855,0
1,1,1,0.6975824159563855,1
0,0,1,0.6975824159563855,0
0,0,1,0.6975824159563855,0
0,0,1,0.6975824159563855,0
0,0,1,0.6975824159563855,0
0,0,1,0.7337285435991728,0
0,0,1,0.7337285435991728,0
1,1,1,0.7337285435991728,1
0,0,1,0.7337285435991728,0
0,0,1,0.7337285435991728,0
0,0,1,0.7337285435991728,0
0,0,1,0.7337285435991728,0
0,0,1,0.7337285435991728,0
0,0,1,0.7337285435991728,0
0,0,1,0.7337285435991728,0
1,1,1,0.7337285435991728,1
0,0,1,0.7337285435991728,0
0,0,1,0.7337285435991728,0
0,0,1,0.7337285435991728,0
0,0,1,0.7337285435991728,0
0,0,1,0.7337285435991728,0
0,0,1,0.7337285435991728,0
0,0,1,0.7337285435991728,0
0,0,1,0.7337285435991728,0
0,0,1,0.7337285435991728,0
0,0,1,0.7337285435991728,0
0,0,1,0.7337285435991728,0
0,0,1,0.7337285435991728,0
0,0,1,0.7337285435991728,0
0,0,1,0.7337285435991728,0
0,0,1,0.7337285435991728,0
1,1,1,0.7337285435991728,1
0,0,1,0.7337285435991728,0
1,1,1,0.7337285435991728,1
1,0,1,0.7337285435991728,1
0,0,1,0.7281863263012344,0
0,0,1,0.721588506415919,0
0,0,1,0.708766461933933,0
0,0,1,0.708766461933933,0
0,0,1,0.708766461933933,0
0,0,1,0.704525533206811,0
0,0,1,0.6935251296107325,0
0,0,1,0.6935251296107325,0
0,0,0,0.681380854381116,0
0,0,0,0.6779558686231782,0
0,0,0,0.6645640787315948,0
0,0,0,0.6645640787315948,0
0,0,0,0.6645640787315948,0
0,1,0,0.6645640787315948,1
0,0,0,0.6645640787315948,0
0,0,0,0.6667940170659529,0
0,0,0,0.6807429773537833,0
0,1,0,0.6817708695979999,1
0,0,0,0.6817708695979999,0
0,0,0,0.6817708695979999,0
0,0,0,0.6817708695979999,0
0,0,0,0.6864131352214184,0
0,0,0,0.6889967261252097,0
0,0,0,0.6889967261252097,0
0,0,0,0.6889967261252097,0
0,0,0,0.6889967261252097,0
0,0,0,0.6889967261252097,0
0,0,0,0.6889967261252097,0
0,0,0,0.6889967261252097,0
0,0,0,0.6889967261252097,0
0,0,0,0.6889967261252097,0
0,0,0,0.6889967261252097,0
0,0,0,0.6889967261252097,0
0,0,0,0.6889967261252097,0
0,0,0,0.6889967261252097,0
0,1,0,0.6889967261252097,1
0,0,0,0.6889967261252097,0
0,0,0,0.6889967261252097,0
1,1,0,0.6889967261252097,1
0,0,0,0.6889967261252097,0
0,0,0,0.6889967261252097,0
0,0,0,0.6889967261252097,0
0,0,0,0.6889967261252097,0
0,1,0,0.6889967261252097,1
0,0,0,0.6889967261252097,0
0,1,0,0.6889967261252097,1
0,0,0,0.6889967261252097,0
0,0,0,0.6889967261252097,0
0,0,0,0.6889967261252097,0
0,0,0,0.6889967261252097,0
0,0,0,0.6889967261252097,0
0,0,0,0.6889967261252097,0
0,0,0,0.67533825667108,0
0,0,0,0.6731868153554207,0
0,0,0,0.6731868153554207,0
0,0,0,0.6731868153554207,0
0,0,0,0.6731868153554207,0
0,0,0,0.6731868153554207,0
0,0,0,0.6731868153554207,0
0,0,0,0.6731868153554207,0
0,0,0,0.6731868153554207,0
0,0,0,0.6731868153554207,0
0,0,0,0.6731868153554207,0
0,0,0,0.6725073533823028,0
0,0,0,0.6905588390259298,0
0,0,0,0.6905588390259298,0
0,0,0,0.6905588390259298,0
0,0,0,0.6905588390259298,0
0,0,0,0.6905588390259298,0
0,0,0,0.6905588390259298,0
0,0,0,0.6905588390259298,0
0,0,0,0.6905588390259298,0
0,0,0,0.6905588390259298,0
0,0,0,0.6905588390259298,0
0,0,0,0.6905588390259298,0
0,0,0,0.6905588390259298,0
1,1,0,0.6905588390259298,1
0,0,0,0.6905588390259298,0
0,0,0,0.6905588390259298,0
0,0,0,0.6905588390259298,0
0,0,0,0.6905588390259298,0
1,1,0,0.6905588390259298,1
0,0,0,0.6905588390259298,0
0,0,0,0.6905588390259298,0
0,0,0,0.6905588390259298,0
0,0,0,0.6905588390259298,0
0,0,0,0.6905588390259298,0
0,0,0,0.6905588390259298,0
0,0,0,0.6905588390259298,0
0,0,0,0.6905588390259298,0
0,0,0,0.6905588390259298,0
1,1,0,0.6905588390259298,1
0,0,0,0.6905588390259298,0
0,0,0,0.6905588390259298,0
0,0,0,0.6844518113751075,0
0,0,0,0.6820147400342806,0
0,0,0,0.6715723903950827,0
0,0,0,0.6715723903950827,0
0,0,0,0.6712627532080083,0
0,0,0,0.6712627532080083,0
0,0,0,0.6543024564245111,0
0,0,0,0.6478049257201436,0
0,0,0,0.6477357595924116,0
0,0,0,0.6477357595924116,0
0,0,0,0.6477357595924116,0
0,0,0,0.6477357595924116,0
0,1,0,0.6477357595924116,1
0,0,0,0.6477357595924116,0
0,0,0,0.6477357595924116,0
0,0,0,0.6477357595924116,0
0,0,0,0.6477357595924116,0
0,0,0,0.6477357595924116,0
0,0,0,0.6477357595924116,0
0,0,0,0.6477357595924116,0
0,0,0,0.6477357595924116,0
1,1,0,0.6477357595924116,1
0,0,0,0.6477357595924116,0
0,0,0,0.6477357595924116,0
0,1,0,0.6477357595924116,1
0,0,0,0.6463762796287427,0
0,0,0,0.6463762796287427,0
0,0,0,0.6463762796287427,0
0,0,0,0.6463762796287427,0
0,0,0,0.6463762796287427,0
0,0,0,0.6463762796287427,0
0,0,0,0.6463762796287427,0
0,0,0,0.6463762796287427,0
0,0,0,0.6463762796287427,0
0,0,0,0.6463762796287427,0
0,0,0,0.6463762796287427,0
0,0,0,0.6463762796287427,0
0,1,0,0.6463762796287427,1
0,0,0,0.6463762796287427,0
0,1,0,0.6463762796287427,1
0,0,0,0.6463762796287427,0
0,0,0,0.6463762796287427,0
0,0,0,0.6463762796287427,0
0,0,0,0.6404198301879532,0
0,0,0,0.618070141519283,0
0,0,0,0.6087190061634784,0
0,0,0,0.6087190061634784,0
0,0,0,0.6087190061634784,0
0,0,0,0.6230298152680395,0
0,0,0,0.6288651567277298,0
0,0,0,0.6288651567277298,0
0,0,0,0.6288651567277298,0
0,0,0,0.6288651567277298,0
0,0,0,0.6288651567277298,0
0,0,0,0.6288651567277298,0
0,0,0,0.6288651567277298,0
0,0,0,0.6288651567277298,0
0,0,0,0.6288651567277298,0
0,0,0,0.6288651567277298,0
0,0,0,0.6288651567277298,0
0,0,0,0.6288651567277298,0
0,0,0,0.6587343201240569,0
0,0,0,0.6687016102307489,0
0,0,0,0.6851753400688606,0
0,0,0,0.6851753400688606,0
0,1,0,0.6851753400688606,1
0,1,0,0.6851753400688606,1
0,0,0,0.6851753400688606,0
0,0,0,0.6851753400688606,0
0,0,0,0.6851753400688606,0
0,0,1,0.7044046617457437,0
0,0,1,0.7088910879890274,0
0,0,1,0.7088910879890274,0
0,0,1,0.7088910879890274,0
0,0,1,0.7453969800317068,0
0,0,1,0.7467534897822932,0
0,0,1,0.7467534897822932,0
0,0,1,0.7467534897822932,0
0,0,1,0.7467534897822932,0
0,0,1,0.7467534897822932,0
0,0,1,0.7467534897822932,0
0,0,1,0.7467534897822932,0
0,0,1,0.7467534897822932,0
0,0,1,0.7467534897822932,0
0,0,1,0.7467534897822932,0
0,0,1,0.7467534897822932,0
0,0,1,0.7467534897822932,0
0,0,1,0.7711889361587457,0
0,0,1,0.7711889361587457,0
0,0,1,0.7711889361587457,0
1,1,1,0.7711889361587457,1
0,0,1,0.7711889361587457,0
0,0,1,0.7711889361587457,0
0,0,1,0.7711889361587457,0
0,0,1,0.7711889361587457,0
0,0,1,0.7711889361587457,0
0,0,1,0.7711889361587457,0
0,0,1,0.7711889361587457,0
0,0,1,0.7711889361587457,0
0,1,1,0.7711889361587457,1
0,0,1,0.7711889361587457,0
0,0,1,0.7711889361587457,0
0,0,1,0.7711889361587457,0
1,1,1,0.7711889361587457,1
0,0,1,0.7711889361587457,0
0,0,1,0.7711889361587457,0
0,0,1,0.7711889361587457,0
0,0,1,0.7711889361587457,0
0,0,1,0.7711889361587457,0
0,1,1,0.7711889361587457,1
0,0,1,0.7711889361587457,0
0,0,1,0.7711889361587457,0
0,0,1,0.7711889361587457,0
0,0,1,0.7711889361587457,0
0,0,1,0.7711889361587457,0
0,0,1,0.7711889361587457,0
1,1,1,0.7711889361587457,1
0,0,1,0.7680754125836866,0
0,0,1,0.7627627074186276,0
0,0,1,0.7474819195325753,0
0,0,1,0.7328327356601061,0
0,0,1,0.7241622965089851,0
0,0,1,0.7241622965089851,0
0,0,1,0.7241622965089851,0
0,0,1,0.7109154162485429,0
0,0,1,0.7109154162485429,0
0,0,1,0.7109154162485429,0
0,0,1,0.7109154162485429,0
0,0,1,0.7074834163552424,0
0,0,0,0.6837139927572574,0
0,0,0,0.6840475229136747,0
0,0,0,0.6896299428867626,0
0,0,1,0.6963460534079114,0
0,0,1,0.6963460534079114,0
0,0,1,0.6963460534079114,0
0,0,1,0.6963460534079114,0
0,1,1,0.6963460534079114,1
1,1,1,0.6963460534079114,1
0,0,1,0.6963460534079114,0
0,0,1,0.6963460534079114,0
0,0,1,0.6963460534079114,0
0,0,1,0.6963460534079114,0
0,0,1,0.6963460534079114,0
0,0,1,0.6963460534079114,0
0,0,1,0.6963460534079114,0
0,0,1,0.6963460534079114,0
0,0,1,0.6979139643259058,0
0,0,1,0.7178777703741971,0
0,0,1,0.7178777703741971,0
0,0,1,0.7178777703741971,0
0,0,1,0.7178777703741971,0
0,0,1,0.7178777703741971,0
0,0,1,0.7178777703741971,0
1,1,1,0.7178777703741971,1
0,0,1,0.7178777703741971,0
0,0,1,0.7178777703741971,0
0,0,1,0.7178777703741971,0
0,1,1,0.7178777703741971,1
0,0,1,0.7178777703741971,0
0,0,1,0.7178777703741971,0
0,0,1,0.7178777703741971,0
0,0,1,0.7178777703741971,0
0,0,1,0.7178777703741971,0
0,0,1,0.7178777703741971,0
0,0,1,0.7178777703741971,0
0,0,1,0.7178777703741971,0
0,0,1,0.7178777703741971,0
0,0,1,0.7178777703741971,0
0,0,1,0.7178777703741971,0
0,0,1,0.7178777703741971,0
0,0,1,0.7178777703741971,0
0,0,1,0.7178777703741971,0
0,0,1,0.7178777703741971,0
0,0,1,0.7178777703741971,0
1,1,1,0.7178777703741971,1
0,0,1,0.7178777703741971,0
0,0,1,0.7178777703741971,0
0,0,1,0.7167670852851141,0
0,0,0,0.6882791960164323,0
0,0,0,0.6770904649883388,0
0,0,0,0.6770904649883388,0
0,0,0,0.6770904649883388,0
0,0,0,0.6770904649883388,0
0,0,0,0.6696282432604878,0
0,0,0,0.6696282432604878,0
0,1,0,0.6696282432604878,1
0,0,0,0.6584606356802842,0
0,0,0,0.6502249524093319,0
0,0,0,0.6487362589014803,0
0,0,0,0.6487362589014803,0
0,0,0,0.6487362589014803,0
0,0,0,0.6487362589014803,0
0,0,0,0.6487362589014803,0
0,0,0,0.6487362589014803,0
0,0,0,0.6451861700681625,0
0,0,0,0.6451861700681625,0
0,0,0,0.6330158603671312,0
0,0,0,0.6260384049200062,0
0,0,0,0.618982464746052,0
0,0,0,0.6081995998972011,0
0,0,0,0.6081995998972011,0
0,0,0,0.6081995998972011,0
0,0,0,0.6081995998972011,0
0,0,0,0.6081995998972011,0
0,0,0,0.6151170392583144,0
0,0,0,0.6559498701130057,0
0,0,0,0.6695881706499083,0
0,0,0,0.6695881706499083,0
0,0,0,0.6695881706499083,0
0,0,0,0.6695881706499083,0
0,0,0,0.6695881706499083,0
1,1,0,0.6695881706499083,1
0,0,0,0.6807742591138528,0
0,0,0,0.6847061216802062,0
0,0,0,0.6890756296200069,0
0,0,0,0.6902395701447674,0
0,0,0,0.6902395701447674,0
0,0,0,0.6902395701447674,0
0,0,0,0.6902395701447674,0
0,0,0,0.6902395701447674,0
0,0,0,0.6902395701447674,0
0,0,0,0.6902395701447674,0
0,0,0,0.6902395701447674,0
0,0,0,0.6902395701447674,0
0,0,0,0.6902395701447674,0
0,0,0,0.6902395701447674,0
0,0,0,0.6902395701447674,0
0,0,0,0.6902395701447674,0
0,0,0,0.6902395701447674,0
0,0,0,0.6902395701447674,0
0,0,0,0.6902395701447674,0
0,0,0,0.6902395701447674,0
0,0,0,0.6902395701447674,0
1,1,0,0.6902395701447674,1
0,0,0,0.6902395701447674,0
0,0,0,0.6902395701447674,0
0,0,0,0.6902395701447674,0
0,0,0,0.6902395701447674,0
0,0,0,0.6902395701447674,0
0,0,0,0.6902395701447674,0
0,0,0,0.6902395701447674,0
1,1,0,0.6902395701447674,1
0,0,0,0.6902395701447674,0
0,0,0,0.6902395701447674,0
0,0,0,0.6902395701447674,0
0,0,0,0.6838036993825993,0
0,0,0,0.6817258614742349,0
0,0,0,0.6817258614742349,0
0,0,0,0.6817258614742349,0
0,0,0,0.6817258614742349,0
0,0,0,0.6817258614742349,0
0,0,0,0.6817258614742349,0
0,0,0,0.6817258614742349,0
0,1,0,0.6817258614742349,1
0,0,0,0.6817258614742349,0
0,0,0,0.6760760496162579,0
0,0,0,0.6733119500458662,0
0,0,0,0.6659285875573073,0
0,0,0,0.6621038532839645,0
0,0,0,0.6621038532839645,0
0,0,0,0.6558822494877161,0
0,0,0,0.6486596122463476,0
0,0,0,0.6456755535084255,0
0,0,0,0.6456755535084255,0
0,0,0,0.6456755535084255,0
0,0,0,0.6456755535084255,0
0,0,0,0.6456755535084255,0
0,0,0,0.6456755535084255,0
0,0,0,0.6456755535084255,0
0,0,0,0.6456755535084255,0
0,0,0,0.6456755535084255,0
0,1,0,0.6456755535084255,1
0,0,0,0.6456755535084255,0
0,0,0,0.6456755535084255,0
0,0,0,0.6456755535084255,0
1,1,0,0.6456755535084255,1
0,0,0,0.6456755535084255,0
0,0,0,0.6456755535084255,0
0,0,0,0.6456755535084255,0
0,0,0,0.6456755535084255,0
0,0,0,0.6456755535084255,0
0,0,0,0.6456755535084255,0
0,0,0,0.6463915553087132,0
0,1,0,0.6463915553087132,1
0,0,0,0.6463915553087132,0
0,0,0,0.6463915553087132,0
0,0,0,0.6463915553087132,0
0,0,0,0.6463915553087132,0
0,0,0,0.6463915553087132,0
0,0,0,0.6463915553087132,0
0,0,0,0.6463915553087132,0
0,0,0,0.6463915553087132,0
0,0,0,0.6463915553087132,0
0,0,0,0.6704838604883253,0
0,0,0,0.6785536882049922,0
0,0,0,0.6785536882049922,0
0,0,0,0.6785536882049922,0
0,1,0,0.6785536882049922,1
0,0,0,0.6785536882049922,0
0,0,0,0.6785536882049922,0
0,0,0,0.6785536882049922,0
0,0,0,0.6785536882049922,0
0,0,0,0.6785536882049922,0
0,0,0,0.6785536882049922,0
0,0,0,0.6785536882049922,0
0,0,0,0.6785536882049922,0
0,0,0,0.6785536882049922,0
0,0,0,0.6785536882049922,0
0,0,0,0.6785536882049922,0
0,0,0,0.6785536882049922,0
0,0,0,0.6785536882049922,0
0,1,0,0.6785536882049922,1
0,0,0,0.6785536882049922,0
0,0,0,0.6785536882049922,0
0,0,0,0.6785536882049922,0
0,0,0,0.6785536882049922,0
0,0,0,0.6785536882049922,0
0,0,0,0.6785536882049922,0
0,0,0,0.6785536882049922,0
0,0,0,0.6785536882049922,0
0,0,0,0.6785536882049922,0
0,0,0,0.6785536882049922,0
1,1,0,0.6785536882049922,1
0,0,0,0.6785536882049922,0
0,0,0,0.6674395549867422,0
0,0,0,0.6657598841395983,0
0,0,0,0.6574328792245496,0
0,0,0,0.6407748393225997,0
0,0,0,0.6407748393225997,0
0,0,0,0.6393263366074587,0
0,0,0,0.6393263366074587,0
0,0,0,0.6359010799124779,0
0,0,0,0.6359010799124779,0
0,0,0,0.6359010799124779,0
0,0,0,0.6359010799124779,0
0,0,0,0.6359010799124779,0
0,0,0,0.6359010799124779,0
0,0,0,0.6242759618433062,0
0,0,0,0.6101179441908097,0
0,1,0,0.6101179441908097,1
0,0,0,0.6101179441908097,0
0,0,0,0.5825359053345239,0
0,0,0,0.5825359053345239,0
0,0,0,0.5825359053345239,0
0,1,0,0.5861572989627433,1
0,0,0,0.5861572989627433,0
0,0,0,0.5861572989627433,0
0,0,0,0.5861572989627433,0
0,0,0,0.5861572989627433,0
0,0,0,0.5861572989627433,0
0,0,0,0.5861572989627433,0
0,0,0,0.5861572989627433,0
0,0,0,0.5861572989627433,0
0,0,0,0.5908274043037985,0
0,0,0,0.5908274043037985,0
0,0,0,0.5908274043037985,0
0,0,0,0.5908274043037985,0
0,0,0,0.5908274043037985,0
0,0,0,0.5908274043037985,0
0,0,0,0.5908274043037985,0
0,0,0,0.5908274043037985,0
0,0,0,0.5908274043037985,0
0,0,0,0.5908274043037985,0
0,0,0,0.5908274043037985,0
0,0,0,0.5908274043037985,0
0,0,0,0.5908274043037985,0
0,0,0,0.5973897149922582,0
0,0,0,0.6018692411049921,0
0,0,0,0.6018692411049921,0
0,0,0,0.6018692411049921,0
0,1,0,0.6018692411049921,1
0,0,0,0.6018692411049921,0
0,0,0,0.6018692411049921,0
0,0,0,0.6018692411049921,0
0,0,0,0.6018692411049921,0
0,0,0,0.6018692411049921,0
0,0,0,0.6018692411049921,0
0,0,0,0.6018692411049921,0
0,0,0,0.6018692411049921,0
0,0,0,0.6018692411049921,0
0,0,0,0.6018692411049921,0
0,0,0,0.6018692411049921,0
0,0,0,0.6018692411049921,0
0,0,0,0.6018692411049921,0
0,0,0,0.6107050325835248,0
0,0,0,0.6191470105062311,0
0,0,0,0.6226234267825036,0
0,0,0,0.6226234267825036,0
0,0,0,0.6226234267825036,0
0,0,0,0.6226234267825036,0
0,0,0,0.6226234267825036,0
0,0,0,0.6226234267825036,0
0,0,0,0.6226234267825036,0
0,0,0,0.6226234267825036,0
0,0,0,0.6226234267825036,0
0,0,0,0.6226234267825036,0
0,0,0,0.6226234267825036,0
0,0,0,0.6226234267825036,0
0,0,0,0.6226234267825036,0
0,0,0,0.6453674375871926,0
0,0,0,0.6494007400740582,0
0,0,0,0.6535912980531966,0
0,0,0,0.6594957779041571,0
0,0,0,0.6594957779041571,0
0,0,0,0.659885931965905,0
0,0,0,0.659885931965905,0
0,0,0,0.659885931965905,0
0,0,0,0.6758322060061,0
0,0,0,0.6758322060061,0
0,0,0,0.6758322060061,0
0,0,0,0.6758322060061,0
0,0,0,0.6758322060061,0
0,1,0,0.6758322060061,1
0,0,0,0.6758322060061,0
0,0,0,0.6758322060061,0
0,0,0,0.6758322060061,0
0,0,0,0.6758322060061,0
0,0,0,0.6758322060061,0
0,0,0,0.6758322060061,0
0,0,0,0.6758322060061,0
0,0,0,0.6758322060061,0
0,0,0,0.6758322060061,0
0,0,0,0.6758322060061,0
0,0,0,0.6758322060061,0
0,0,0,0.6758322060061,0
0,0,0,0.6758322060061,0
0,0,0,0.6758322060061,0
0,0,0,0.6758322060061,0
1,1,0,0.6758322060061,1
0,0,0,0.6758322060061,0
0,0,0,0.6758322060061,0
0,0,0,0.6758322060061,0
0,0,0,0.6758322060061,0
0,0,0,0.6758322060061,0
0,0,0,0.6758322060061,0
0,0,0,0.6758322060061,0
0,0,0,0.6758322060061,0
0,0,0,0.6597665845511779,0
0,0,0,0.6377279953786646,0
0,0,0,0.6377279953786646,0
0,0,0,0.6377279953786646,0
0,0,0,0.6377279953786646,0
0,0,0,0.6377279953786646,0
0,0,0,0.6377279953786646,0
0,0,0,0.6377279953786646,0
0,0,0,0.6377279953786646,0
0,0,0,0.6377279953786646,0
0,0,0,0.6377279953786646,0
0,0,0,0.6377279953786646,0
0,0,0,0.6377279953786646,0
0,0,0,0.651002316779429,0
0,0,0,0.6520691516020543,0
0,0,0,0.6520691516020543,0
0,1,0,0.663477725945411,1
0,0,0,0.6794197774018639,0
0,0,0,0.6838400739713133,0
0,0,0,0.6838805403759809,0
0,0,0,0.6881135800938344,0
0,0,1,0.6939808688409872,0
0,0,1,0.6939808688409872,0
0,0,1,0.6939808688409872,0
0,0,1,0.6939808688409872,0
0,0,1,0.6939808688409872,0
0,0,1,0.6939808688409872,0
0,0,1,0.6939808688409872,0
0,0,1,0.6939808688409872,0
0,0,1,0.6939808688409872,0
0,0,1,0.6939808688409872,0
0,0,1,0.6939808688409872,0
0,0,1,0.6939808688409872,0
0,0,1,0.6939808688409872,0
0,0,1,0.6939808688409872,0
0,0,1,0.6939808688409872,0
0,0,1,0.6939808688409872,0
0,0,1,0.6939808688409872,0
0,0,1,0.6939808688409872,0
0,0,1,0.6939808688409872,0
0,0,1,0.6939808688409872,0
0,0,1,0.6939808688409872,0
1,1,1,0.6939808688409872,1
0,0,1,0.6939808688409872,0
0,0,1,0.6939808688409872,0
0,0,1,0.6939808688409872,0
0,0,1,0.6939808688409872,0
0,0,1,0.6939808688409872,0
0,0,1,0.6939808688409872,0
0,0,1,0.6939808688409872,0
0,0,1,0.6939808688409872,0
0,0,0,0.6925666007152735,0
0,0,0,0.6894169512812509,0
0,0,0,0.6832946788837917,0
0,0,0,0.681993971223978,0
0,0,0,0.681993971223978,0
0,0,0,0.681993971223978,0
0,0,0,0.681993971223978,0
0,0,0,0.681993971223978,0
0,0,0,0.681993971223978,0
0,1,0,0.681993971223978,1
0,0,0,0.6809298524800322,0
0,0,0,0.6671700126743577,0
0,0,0,0.6671700126743577,0
0,0,0,0.6671700126743577,0
0,0,0,0.6671700126743577,0
0,0,0,0.6671700126743577,0
0,0,0,0.6671700126743577,0
0,1,0,0.6820193294482223,1
0,0,0,0.6820193294482223,0
0,0,0,0.6820193294482223,0
0,0,0,0.6821116390202417,0
0,0,0,0.6821116390202417,0
0,0,0,0.6918628187160872,0
0,0,0,0.6918628187160872,0
0,0,0,0.6918628187160872,0
0,0,1,0.7028497767674163,0
0,0,1,0.7028497767674163,0
0,0,1,0.7028497767674163,0
0,0,1,0.7028497767674163,0
0,0,1,0.7028497767674163,0
0,0,1,0.7028497767674163,0
0,1,1,0.7028497767674163,1
0,0,1,0.7028497767674163,0
0,1,1,0.7028497767674163,1
0,0,1,0.7028497767674163,0
0,0,1,0.7028497767674163,0
0,0,1,0.7028497767674163,0
0,0,1,0.7028497767674163,0
0,0,1,0.7028497767674163,0
0,0,1,0.7028497767674163,0
0,0,1,0.7028497767674163,0
0,0,1,0.7028497767674163,0
0,0,1,0.7028497767674163,0
0,0,1,0.7028497767674163,0
0,0,1,0.7028497767674163,0
0,0,1,0.7028497767674163,0
0,1,1,0.7028497767674163,1
0,0,1,0.7028497767674163,0
0,0,1,0.7028497767674163,0
0,0,1,0.7028497767674163,0
0,0,1,0.7028497767674163,0
0,0,1,0.7028497767674163,0
0,0,1,0.7028497767674163,0
0,0,1,0.7028497767674163,0
0,1,1,0.7028497767674163,1
0,0,1,0.6977173548500231,0
0,0,0,0.6482762004809417,0
0,0,0,0.6461924052455226,0
0,0,0,0.6461924052455226,0
0,0,0,0.6461924052455226,0
0,0,0,0.6407448004323204,0
0,0,0,0.6754705669972294,0
0,0,0,0.6754705669972294,0
0,0,0,0.6754705669972294,0
0,0,0,0.6783151491624052,0
0,0,0,0.6783151491624052,0
0,0,0,0.6783151491624052,0
0,0,0,0.6783151491624052,0
0,0,0,0.6783151491624052,0
0,0,0,0.6783151491624052,0
0,0,0,0.6783151491624052,0
0,0,0,0.6865347227678831,0
0,0,0,0.6892786657147435,0
0,0,0,0.6892786657147435,0
0,0,0,0.6892786657147435,0
0,1,0,0.6892786657147435,1
0,1,0,0.6892786657147435,1
0,1,0,0.6892786657147435,1
0,0,0,0.6892786657147435,0
0,0,0,0.6892786657147435,0
0,0,0,0.6892786657147435,0
0,0,0,0.6892786657147435,0
0,0,0,0.6892786657147435,0
0,0,0,0.6892786657147435,0
0,0,0,0.6892786657147435,0
0,0,0,0.6892786657147435,0
0,0,0,0.6892786657147435,0
0,0,0,0.6892786657147435,0
0,0,0,0.6892786657147435,0
0,0,0,0.6892786657147435,0
1,1,0,0.6892786657147435,1
0,0,0,0.6892786657147435,0
0,0,0,0.6892786657147435,0
0,0,0,0.6892786657147435,0
0,0,0,0.6892786657147435,0
0,0,0,0.6892786657147435,0
0,1,0,0.6892786657147435,1
0,0,0,0.6892786657147435,0
0,0,0,0.6892786657147435,0
0,0,0,0.6892786657147435,0
0,0,0,0.6892786657147435,0
0,0,0,0.6892786657147435,0
0,0,0,0.6877452007221503,0
0,0,0,0.6877452007221503,0
0,0,0,0.6877452007221503,0
0,1,0,0.6877452007221503,1
0,0,0,0.6791665574791032,0
0,0,0,0.6791665574791032,0
0,0,0,0.6791665574791032,0
0,0,0,0.6791665574791032,0
0,0,0,0.6791665574791032,0
0,0,0,0.6791665574791032,0
0,0,0,0.6791665574791032,0
0,0,0,0.6791665574791032,0
0,0,0,0.6791665574791032,0
0,0,0,0.6791665574791032,0
0,0,0,0.6791665574791032,0
0,0,0,0.6791665574791032,0
0,0,0,0.6791665574791032,0
0,0,0,0.6747256036081203,0
0,0,0,0.6565619727952249,0
0,0,0,0.6547001505226681,0
0,0,0,0.645906376816797,0
0,0,0,0.645906376816797,0
0,0,0,0.6453328112074008,0
0,0,0,0.6453328112074008,0
0,0,0,0.6453328112074008,0
0,0,0,0.6453328112074008,0
0,1,0,0.6453328112074008,1
0,0,0,0.6453328112074008,0
0,0,0,0.6453328112074008,0
0,1,0,0.6453328112074008,1
0,0,0,0.6453328112074008,0
0,0,0,0.6450473164178352,0
0,0,0,0.6378335278441456,0
0,0,0,0.6305834118199565,0
0,0,0,0.6363288464611684,0
0,0,0,0.6363288464611684,0
0,0,0,0.6381127510186314,0
0,0,0,0.6386458384675856,0
0,0,0,0.6386458384675856,0
0,0,0,0.6419322192915026,0
0,0,0,0.6419322192915026,0
0,0,0,0.6419322192915026,0
0,0,0,0.6419322192915026,0
0,0,0,0.6468654421480807,0
0,0,0,0.6468654421480807,0
0,0,0,0.6468654421480807,0
0,0,0,0.6468654421480807,0
0,0,0,0.6695241297382529,0
0,0,1,0.6940701725936178,0
0,0,1,0.6976027092376218,0
0,0,1,0.6976027092376218,0
0,0,1,0.6976027092376218,0
0,0,1,0.6976027092376218,0
0,0,1,0.7227333466359073,0
0,0,1,0.7227333466359073,0
0,0,1,0.7227333466359073,0
0,1,1,0.7227333466359073,1
0,0,1,0.7227333466359073,0
0,0,1,0.7227333466359073,0
0,0,1,0.7227333466359073,0
0,1,1,0.7227333466359073,1
0,0,1,0.7227333466359073,0
0,0,1,0.7227333466359073,0
0,0,1,0.7227333466359073,0
0,0,1,0.7227333466359073,0
0,0,1,0.7227333466359073,0
0,0,1,0.7227333466359073,0
0,0,1,0.7227333466359073,0
0,0,1,0.7227333466359073,0
0,0,1,0.7227333466359073,0
0,0,1,0.7227333466359073,0
0,0,1,0.7227333466359073,0
0,0,1,0.7227333466359073,0
0,0,1,0.7227333466359073,0
0,0,1,0.7227333466359073,0
0,0,1,0.7227333466359073,0
0,1,1,0.7227333466359073,1
0,1,1,0.7227333466359073,1
0,0,1,0.7227333466359073,0
0,0,1,0.7227333466359073,0
0,0,1,0.7227333466359073,0
0,0,1,0.7227333466359073,0
0,1,1,0.7227333466359073,1
0,0,1,0.7114292190446742,0
0,0,1,0.6992009817708882,0
0,0,1,0.6992009817708882,0
0,0,1,0.6992009817708882,0
0,0,1,0.6992009817708882,0
0,0,1,0.6992009817708882,0
0,0,1,0.6992009817708882,0
0,0,1,0.6992009817708882,0
0,0,1,0.6992009817708882,0
0,0,1,0.6992009817708882,0
0,1,1,0.6992009817708882,1
0,0,1,0.6992009817708882,0
0,0,1,0.6992009817708882,0
0,0,1,0.6992009817708882,0
0,0,1,0.6992009817708882,0
0,0,1,0.6992009817708882,0
0,0,1,0.6992009817708882,0
0,1,1,0.6992009817708882,1
0,0,1,0.6992009817708882,0
0,0,1,0.6992009817708882,0
1,1,1,0.6992009817708882,1
